Andre andre@gamail.com
Bruna bruna@gmail.com
Camile camile@gmail.com
Edson edson@gmail.com
Dalton dalton@gmail.com
Felipe felipe@gmail.com
Grabriel grabriel@gmail.com
Hidra hidra@gmail.com
Isaura isaura@gmail.com
Jarbas jarbas@gmail.com